Packages/SoyehtCore/Sources/SoyehtCore/Resources/Fonts/JetBrainsMono-Bold.ttf	100644	blob	8c93043de6454ad2d5575f0751150c6551d9c588
Packages/SoyehtCore/Sources/SoyehtCore/Resources/Fonts/JetBrainsMono-BoldItalic.ttf	100644	blob	1ddf216d1884ab44789c0c86dc06f6556c4c4e22
Packages/SoyehtCore/Sources/SoyehtCore/Resources/Fonts/JetBrainsMono-Italic.ttf	100644	blob	ccc9d6a5bc15ffbcce66f923bf3d7999c73ede84
Packages/SoyehtCore/Sources/SoyehtCore/Resources/Fonts/JetBrainsMono-Medium.ttf	100644	blob	97671156df256e850498054fdebcd41d74a65d6b
Packages/SoyehtCore/Sources/SoyehtCore/Resources/Fonts/JetBrainsMono-Regular.ttf	100644	blob	dff66cc50702c75abd025dcf49f62a4dcc2d72de
Packages/SoyehtCore/Sources/SoyehtCore/Resources/Fonts/JetBrainsMono-SemiBold.ttf	100644	blob	a70e69bd21aa901f93ffa280f691cf513d13859d
Packages/SoyehtCore/Sources/SoyehtCore/Resources/Sounds/house-created.caf	100644	blob	f5b54f95f089a39a145cc30d1bd2cb9b42eb6214
Packages/SoyehtCore/Sources/SoyehtCore/Resources/Sounds/resident-paired.caf	100644	blob	f7796a53df0895fc03f12dd811718e86b9da78d6
QA/runs/2026-04-14-scrollback-panel-real-device-final/st-q-scrl-001.png	100644	blob	7b60ba44517de0f21d34967876df3970c14809ed
QA/runs/2026-04-14-scrollback-panel-real-device-final/st-q-scrl-002.png	100644	blob	13e300e5c284b98554b813be35f14eee1307e37d
QA/runs/2026-04-14-scrollback-panel-real-device-final/st-q-scrl-003.png	100644	blob	13e300e5c284b98554b813be35f14eee1307e37d
QA/runs/2026-04-14-scrollback-panel-real-device-final/st-q-scrl-004.png	100644	blob	13e300e5c284b98554b813be35f14eee1307e37d
QA/runs/2026-04-14-scrollback-panel-real-device-fix/baseline-pane1-no-panel.png	100644	blob	fa9ef8a4971a11b754e90f9f1e18e0928489b679
QA/runs/2026-04-14-scrollback-panel-real-device-fix/legacy-history-button.png	100644	blob	140adcba103ce3e1f6b84604fe8942cff0aceaa2
QA/runs/2026-04-14-scrollback-panel-real-device-fix/panel-open-after-swipe.png	100644	blob	292b7ea67086f4eeab0de8c6eadc7cdc40a17300
QA/runs/2026-04-14-scrollback-panel-real-device-fix/panel-open-after-tab0.png	100644	blob	1366f04fe8744fd4675e4d88de94f901ec40aa68
QA/runs/2026-04-14-scrollback-panel-real-device-fix/panel-open-pane1.png	100644	blob	e9ab9634706c643cc32a6d18fabc32efe6d3eea4
QA/runs/2026-04-14-scrollback-panel-real-device/after-swipe-close-panel.png	100644	blob	b0068e8e0d5fc3859f87bde066709d6b0a7b5c15
QA/runs/2026-04-14-scrollback-panel-real-device/legacy-history-button.png	100644	blob	2bd4f5a13913302b5e52663406a971a0d3fd5a56
QA/runs/2026-04-14-scrollback-panel-real-device/panel-open-swipe-to-pane0.png	100644	blob	b2748ed11d24b0434416357a844d1e72d2440a85
QA/runs/2026-04-14-scrollback-panel-real-device/panel-open-tap-tab0.png	100644	blob	241f33a5d96e72662675cec252b75afbf2d59234
QA/runs/2026-04-14-scrollback-panel-real-device/tab-switch-no-panel-pane1.png	100644	blob	3dfaebdf4685f3cb403d43d177650b9260f34b74
QA/runs/2026-04-15-after-host-fix.png	100644	blob	7d8ad361ebc82a6c3c2fd0c2be3a42c516394d9b
QA/runs/2026-04-15-after-instance-card-new.png	100644	blob	6fea1be7c19b752e75c47d0bb12ec6560b0add1b
QA/runs/2026-04-15-after-window-card-new.png	100644	blob	75b2e64d600a5aac2cee8f63bdf043ff38f9d2ec
QA/runs/2026-04-15-blackcheck-appium.png	100644	blob	5871aa9dba0a55c756501f8d7a7aec0a61de2ef4
QA/runs/2026-04-15-browser-autoopen.png	100644	blob	bb33b6c46452b6778e4500ab561883fcda64db37
QA/runs/2026-04-15-browser-open-after-rebuild-v2.png	100644	blob	4985bc481017ddee303beb163fb1c9e8684d925e
QA/runs/2026-04-15-browser-open-v10.png	100644	blob	7b21984c3af4dabd518f35bd6fc35e5bd5b62ca9
QA/runs/2026-04-15-browser-open-v11.png	100644	blob	0351a7bc7456785536b35b6e8e57f886f5f91a40
QA/runs/2026-04-15-browser-open-v2.png	100644	blob	60cdfee772127d1bf48143e21fe7a0a420961eab
QA/runs/2026-04-15-browser-open-v4.png	100644	blob	13ce8dc25d07e1a05db61ae559a880d0c5635776
QA/runs/2026-04-15-browser-open-v5.png	100644	blob	9d3ecd767a5b501b5a9486ee22f38ceb5121f82b
QA/runs/2026-04-15-browser-open-v7.png	100644	blob	626e1caa46c997f3a581327fcef7536be8447994
QA/runs/2026-04-15-browser-open-v8.png	100644	blob	1afcc60196a9cf6f8b4a39ada869ab8357bdbc16
QA/runs/2026-04-15-browser-open-v9.png	100644	blob	6b97d537f8aa587038c8b12b0a2f0541c49baf3f
QA/runs/2026-04-15-codex-browser-full/brow_008_009_010.png	100644	blob	8257ab47ae07d39bc2a18bb0de18bf55929522ec
QA/runs/2026-04-15-codex-browser-full/st-q-brow-012.png	100644	blob	b8504d28fca76acbef7aa5fa661571b3cf60b177
QA/runs/2026-04-15-codex-browser-full/st-q-brow-016.png	100644	blob	444055c1312486fd413e1a065c20745868783def
QA/runs/2026-04-15-codex-browser-full/st-q-brow-017.png	100644	blob	4be1375b8c49b6ea01152849f8a9c97048aaf848
QA/runs/2026-04-15-codex-browser-full/st-q-brow-025.png	100644	blob	415072eb37913872b827ab87528831c93a840d95
QA/runs/2026-04-15-codex-browser-rerun/brow_011_012_013.png	100644	blob	eebcc752608f38e0dbb32ce6bdc5d28b72c118f2
QA/runs/2026-04-15-codex-browser-rerun/brow_025.png	100644	blob	1e00075784f8fbed2afa7bbca4fcc4cd63dedad3
QA/runs/2026-04-15-codex-browser-rerun/st-q-brow-025.png	100644	blob	72729ddfb909fcf98d84526b5c169cd7277a3914
QA/runs/2026-04-15-codex-browser-smoke/brow_001.png	100644	blob	d3d99d6b9738fac14bb982238ea4fae48adc3da0
QA/runs/2026-04-15-codex-browser-videos/st-q-brow-025.png	100644	blob	3d8e8e1ebe3ff4d41b9d47b5cc9f9fc210503856
QA/runs/2026-04-15-codex-browser/brow_001.png	100644	blob	9163cbecf14f76543f634604ccc261f2168d4eb5
QA/runs/2026-04-15-codex-browser/brow_003_004_005_007.png	100644	blob	9163cbecf14f76543f634604ccc261f2168d4eb5
QA/runs/2026-04-15-file-browser-live-watch-current.png	100644	blob	d9f9b2280b38e4828da12699c3248e04ee327363
QA/runs/2026-04-15-file-browser-live-watch-real/brow_003_004_005_007.png	100644	blob	670a845aa52a81c8435c39c08f60935f0843ed65
QA/runs/2026-04-15-file-browser-live-watch-real/brow_008_009_010.png	100644	blob	9457956d05f10312be32a21367e4354465553666
QA/runs/2026-04-15-file-browser-live-watch-real/brow_011_012_013.png	100644	blob	46b07b5cec5ed10284e40a338f2478c43b15fbe8
QA/runs/2026-04-15-file-browser-live-watch-real/brow_014_015.png	100644	blob	46b07b5cec5ed10284e40a338f2478c43b15fbe8
QA/runs/2026-04-15-file-browser-live-watch-real/brow_016.png	100644	blob	01ae52cf69a815142f0bb076b4ae0715a1200c6b
QA/runs/2026-04-15-file-browser-live-watch-real/brow_017.png	100644	blob	0b7dca270ad0162f34cbc6ae6f2baa1164e36a35
QA/runs/2026-04-15-file-browser-live-watch-real/brow_018_020_021.png	100644	blob	022e440c1d51ffce981787447663334dc91c02c3
QA/runs/2026-04-15-file-browser-live-watch-real/brow_019.png	100644	blob	2580b5377c1cb38c111219a377c8a48342be4216
QA/runs/2026-04-15-file-browser-live-watch-real/brow_022.png	100644	blob	12fdb07de46114f56802f2f123037016ea03563f
QA/runs/2026-04-15-file-browser-live-watch-real/brow_023_024.png	100644	blob	24dbe73ae94cc9fccb43550d5c94e955ccac039c
QA/runs/2026-04-15-file-browser-live-watch-real/brow_025.png	100644	blob	0efb3c5a5e3f452231a211cde87b8b9e5d793157
QA/runs/2026-04-15-file-browser-live-watch-real/live_009_010_011_012_013.png	100644	blob	73ee10f6b23be482b0bca74617132e69f1cabbf0
QA/runs/2026-04-15-file-browser-live-watch-real/live_014.png	100644	blob	872276e6575c10d8045661950883bd4737b32edb
QA/runs/2026-04-15-file-browser-live-watch-real/live_015_016_017_018_021.png	100644	blob	57019e1e91560f0496eed5cca918121773e49dd8
QA/runs/2026-04-15-file-browser-live-watch-real/live_019_020.png	100644	blob	d669e49191dcfeac69e9bade44f4ee154d1b53e1
QA/runs/2026-04-15-file-browser-live-watch-real/st-q-brow-005.png	100644	blob	c471281ca67ff787e3f618a6be62c311235fb66e
QA/runs/2026-04-15-file-browser-live-watch-real/st-q-brow-012.png	100644	blob	fe380c18a07560f50d9c3282bd007c99fe0d5608
QA/runs/2026-04-15-file-browser-live-watch-real/st-q-brow-016.png	100644	blob	dc9e1b1aeba3b56eebc5565cc88055ee755ecfc7
QA/runs/2026-04-15-file-browser-live-watch-real/st-q-brow-017.png	100644	blob	9a9e9e3cf77540e7b60f89cb75291420f57eb5f9
QA/runs/2026-04-15-file-browser-live-watch-real/st-q-brow-018.png	100644	blob	fa4560d4660167f3e0ea2778864880f8b7c20b19
QA/runs/2026-04-15-file-browser-live-watch-real/st-q-brow-021.png	100644	blob	edc35855aa8b43c195860a86ce0c5e61d13c407b
QA/runs/2026-04-15-file-browser-live-watch-real/st-q-brow-023.png	100644	blob	46b3f69ce519b8aa5c07cf41f515b6f16b591402
QA/runs/2026-04-15-file-browser-live-watch-real/st-q-brow-025.png	100644	blob	c237181451b93ecd5df66f776d64947f2f984031
QA/runs/2026-04-15-file-browser-live-watch-real/st-q-live-004.png	100644	blob	36aa6f9951f3b47e82763702af7ac94c764a778e
QA/runs/2026-04-15-file-browser-live-watch-real/st-q-live-005.png	100644	blob	ade46728aa55faa889ae1ab739b3c8ae91f93384
QA/runs/2026-04-15-file-browser-live-watch-real/st-q-live-009.png	100644	blob	d734e38e5c2e95f18d65365d44c15f1f2e87751b
QA/runs/2026-04-15-file-browser-live-watch-real/st-q-live-010.png	100644	blob	670ae5913473ef7c638e7b9da87016d7a77cfe88
QA/runs/2026-04-15-file-browser-live-watch-real/st-q-live-011.png	100644	blob	91aa3dd806492bcc28f0721d9043814f6d4763a3
QA/runs/2026-04-15-file-browser-live-watch-real/st-q-live-013.png	100644	blob	8cf16fb476903b8d0aee770eae3f51bf266a21c0
QA/runs/2026-04-15-file-browser-live-watch-real/st-q-live-015.png	100644	blob	7a93cf2fd04ddef942c6dd1a17a6cc07c26a99dc
QA/runs/2026-04-15-file-browser-live-watch-real/st-q-live-018.png	100644	blob	1eb0bc05f73da3ea06b650a75b9e31ae82fc713d
QA/runs/2026-04-15-file-browser-live-watch-real/st-q-live-019.png	100644	blob	e0b5e6f5747e6fdb0f1ec66d3dca3ec3ceb657bc
QA/runs/2026-04-15-file-browser-live-watch-real/st-q-live-020.png	100644	blob	2d96fc343df11f518df66fe3f0c3d7b4bc87d7e5
QA/runs/2026-04-15-file-browser-live-watch-real/st-q-live-021.png	100644	blob	6a8417f76aaceb3e38516b2492fa7f30d4be2351
QA/runs/2026-04-15-large-video-probe.png	100644	blob	1bda7ebae54ff7236c64fb459b37dda69a353711
QA/runs/2026-04-15-post-install-root.png	100644	blob	15df3b6d94626d948e21a4cbd7cc4b61f3d39726
QA/runs/2026-04-15-post-reinstall-root.png	100644	blob	68b52b39c06dd310da1178defe2257787591a1d0
QA/runs/2026-04-15-root-current.png	100644	blob	e90dda6907b8ce84bb8500e9ecbbd443fd96ad18
QA/runs/2026-04-16-codex-brow014015/brow_014_015.png	100644	blob	8e6bc119db0b2d0a41b613b647e66191eccb31aa
QA/runs/2026-04-16-codex-browser-full-green/brow_014_015.png	100644	blob	054c17349e032b53289611786cc50416440c059d
QA/runs/2026-04-16-codex-browser-full-green2/st-q-brow-016.png	100644	blob	899d84a0eb9918a9a603816a6da6982c4a97b71b
QA/runs/2026-04-16-codex-browser-full-green2/st-q-brow-023.png	100644	blob	90b8610f606688eb55de588f5f79200c9070caa0
QA/runs/2026-04-16-codex-live-full-1/live_014.png	100644	blob	2d856bef3f85de5ccec500d90a070fa1543168af
QA/runs/2026-04-16-codex-live-full-1/st-q-live-006.png	100644	blob	f98b4882c708f959b86a4d2f5fac4b29a30137ff
QA/runs/2026-04-16-codex-live-full-1/st-q-live-009.png	100644	blob	674de3accfdf83b32df501f6164c58b30fd1ca66
QA/runs/2026-04-16-codex-live-full-1/st-q-live-011.png	100644	blob	674de3accfdf83b32df501f6164c58b30fd1ca66
QA/runs/2026-04-16-codex-live-full-1/st-q-live-013.png	100644	blob	cc1818dd9bd422e4807f50853164f2c639f877f5
QA/runs/2026-04-16-codex-live-full-1/st-q-live-015.png	100644	blob	61d929a2c26f97840577000c5f4a09cae53b8659
QA/runs/2026-04-16-codex-live-full-1/st-q-live-018.png	100644	blob	c3ce52007f9d965aeff2d1d9ed9ccf54ff20de9d
QA/runs/2026-04-16-codex-live-full-1/st-q-live-019.png	100644	blob	e95df24d6677f8ade0bbc57740a36a3375ad4a30
QA/runs/2026-04-16-codex-live-full-1/st-q-live-020.png	100644	blob	98ddff8745b18f9b617fb6b0afc167e4698a3ebd
QA/runs/2026-04-16-codex-live-full-1/st-q-live-021.png	100644	blob	03332ff911a71fd12463f4fdda7bffa10ed2d7d4
QA/runs/2026-04-16-codex-live-targeted-2/live_009_010_011_012_013.png	100644	blob	156480b2b5d875f587feddde803221b5485eaa55
QA/runs/2026-04-16-codex-live-targeted-2/live_015_016_017_018_021.png	100644	blob	ec71f9ce30d80a7b5200f19a5dbb0f78d0d619a6
QA/runs/2026-04-16-codex-live-targeted-2/st-q-live-006.png	100644	blob	082f4944e2d9423eee0123e4ffea85e3a1fdaa3d
QA/runs/2026-04-16-codex-live-targeted-2/st-q-live-014.png	100644	blob	cd95b7d2b2087559a4f92c26fee317ed384114d9
QA/runs/2026-04-16-gate-full/brow-001-file-browser-open.png	100644	blob	b6b08a0b5c507da0a1a448c0016046994e8e564b
QA/runs/2026-04-16-gate-full/smoke-step0-initial-state.png	100644	blob	67f0f4a5b6241fe099a0ccac09bccc478ea930a2
QA/runs/2026-04-16-gate-full/smoke-step1-instance-list.png	100644	blob	95b3bc71169577c507fe4bc8e87ef3a8854e385e
QA/runs/2026-04-16-gate-full/smoke-step2-terminal-connected.png	100644	blob	a70a72f0e359da3cc76bbb52a290da9ba6c1f5c3
QA/runs/2026-04-16-gate-full/smoke-step3-new-session.png	100644	blob	fbc369e2c1b3708821b500d1d1677f0f4d0e809f
QA/runs/2026-04-16-gate-full/smoke-step4-window-switch.png	100644	blob	adefdd665c7e31454f8f241544a467103b6099c9
QA/runs/2026-04-16-gate-full/smoke-step5-background-return.png	100644	blob	9559f884e6e88f7ae93a930319f7ea2dd3222ce7
QA/runs/2026-04-16-gate-full/smoke-step6-rotation-return.png	100644	blob	8f6f833df9b5b99c428ce3f554a1d75efab84ee6
QA/runs/2026-04-16-gate-full/smoke-step8-pull-refresh.png	100644	blob	b330b9a6d38215d73041e84d8af5126c7ac3ee95
QA/runs/2026-04-17-terminal-scroll/after_pair.png	100644	blob	514821813212497d6cd101933c141fe63f6c6fe9
QA/runs/2026-04-17-terminal-scroll/nav_00.png	100644	blob	c603e617adaf349c19f24220df3533c54c979ac4
QA/runs/2026-04-17-terminal-scroll/nav_01.png	100644	blob	0d45b52ae32f1f639a3bf63a4aee2f2d6b6b9da5
QA/runs/2026-04-17-terminal-scroll/nav_02.png	100644	blob	575a94204174954290ae5928d35a900ae25993c5
QA/runs/2026-04-17-terminal-scroll/nav_03.png	100644	blob	7d64817175363e88e83ea37e51a91412d891696a
QA/runs/2026-04-17-terminal-scroll/nav_04.png	100644	blob	621cd4a5b676a65c4834d631276f0ad1ec1edea7
QA/runs/2026-04-17-terminal-scroll/nav_05.png	100644	blob	b17397e133c637dc11703727c1f683065c012cb5
QA/runs/2026-04-17-terminal-scroll/nav_06.png	100644	blob	2dca86807a76f134b4eb4dcb7beb6d857d4ed902
QA/runs/2026-04-17-terminal-scroll/nav_07.png	100644	blob	324c681caed12f5ff19dda18358e8e1b34cae8b2
QA/runs/2026-04-17-terminal-scroll/nav_08.png	100644	blob	c6cdc4b557f3d8fe4c96b598f1658d071635e588
QA/runs/2026-04-17-terminal-scroll/nav_09.png	100644	blob	de886dc377a63f68181fc936f7d4a45a4bfa3fcb
QA/runs/2026-04-17-terminal-scroll/nav_10.png	100644	blob	57ee34367628c06df288c3f8f0a3b321ca4e21ad
QA/runs/2026-04-17-terminal-scroll/nav_11.png	100644	blob	6274d4434cb6dffc450b53c1da7373aef4812a6d
QA/runs/2026-04-17-terminal-scroll/nav_12.png	100644	blob	19a62aa9a7d852e43c7fccb91ebdd66f3c4ce666
QA/runs/2026-04-17-terminal-scroll/nav_13.png	100644	blob	25d39fe16f2af3d83480f00480d7fe563ac49ffe
QA/runs/2026-04-17-terminal-scroll/nav_14.png	100644	blob	f74c133342530aee199bc90e1e12daf6496bb1f3
QA/runs/2026-04-17-terminal-scroll/nav_15.png	100644	blob	df91ee91e194ee0f5202cbc48fe1c4e39a60838c
QA/runs/2026-04-17-terminal-scroll/nav_16.png	100644	blob	966f07a12e274119b161ae4ed3a61346f6bac3c5
QA/runs/2026-04-17-terminal-scroll/nav_17.png	100644	blob	bde050b072f1b4d347066e57ebe73b6929c2dd9c
QA/runs/2026-04-17-terminal-scroll/nav_18.png	100644	blob	d43c053b4dffa20ababb73f5b3acbf31bd89e1d2
QA/runs/2026-04-17-terminal-scroll/nav_19.png	100644	blob	a366390ad3832f2ac1d1119ce489c7dc87c43d15
QA/runs/2026-04-17-terminal-scroll/nav_20.png	100644	blob	646b616ace093eba02f0dbd890bb3700fb4e44b9
QA/runs/2026-04-17-terminal-scroll/nav_21.png	100644	blob	d960eb8beedc398442991a251fb2e8fc595e983b
QA/runs/2026-04-17-terminal-scroll/nav_22.png	100644	blob	ad544f3dbd3120ece6473f409a4df3d926525720
QA/runs/2026-04-17-terminal-scroll/nav_23.png	100644	blob	c9591493b5a01606191185b8ddae61805aa6dbd7
QA/runs/2026-04-17-terminal-scroll/nav_24.png	100644	blob	0c59e49653019223e54bffb7e389c30a6f8d6e51
QA/runs/2026-04-17-terminal-scroll/nav_25.png	100644	blob	1a18cb8431fafde1950f2c82e1bf33cda6b86fcd
QA/runs/2026-04-17-terminal-scroll/nav_26.png	100644	blob	942494da6100af3b9cbfe433b950197f002f6dc5
QA/runs/2026-04-17-terminal-scroll/nav_27.png	100644	blob	6347648e56058f22d5ad1c41b24a3214cffd064a
QA/runs/2026-04-17-terminal-scroll/nav_28.png	100644	blob	1866cd8f680e837db87ec8c932edb903e1cee17a
QA/runs/2026-04-17-terminal-scroll/nav_29.png	100644	blob	80c42be23995fcfed185d29ebd1c02f0f68246c7
QA/runs/2026-04-17-terminal-scroll/nav_30.png	100644	blob	39aaead8ef977703ceddad8dbb19801f102f9a96
QA/runs/2026-04-17-terminal-scroll/nav_31.png	100644	blob	5becfa07fd4976cfa687207af34d6254380d8e4d
QA/runs/2026-04-17-terminal-scroll/nav_32.png	100644	blob	56d14f1cfe0a8f335f925ab9d0d4254995831b3d
QA/runs/2026-04-17-terminal-scroll/nav_33.png	100644	blob	2a563b6869bd2fa21f0efaaf036810c6618bde1f
QA/runs/2026-04-17-terminal-scroll/nav_34.png	100644	blob	ff7621d59dace56ca32623d715e4abd82ed5ad67
QA/runs/2026-04-17-terminal-scroll/nav_35.png	100644	blob	e241abcfdcf0fe410f89546978df0006d734e4d6
QA/runs/2026-04-17-terminal-scroll/nav_36.png	100644	blob	473e8b606dc76d4fa22d827796591410ed5fae46
QA/runs/2026-04-17-terminal-scroll/nav_37.png	100644	blob	e62bd882ddac8791a436fe227e35b88d1129bb49
QA/runs/2026-04-17-terminal-scroll/nav_38.png	100644	blob	abd49ea984db82a04e1be49b667209bc7445f6db
QA/runs/2026-04-17-terminal-scroll/nav_39.png	100644	blob	812650a4f28420969c1172df6e183cd7f39df346
QA/runs/2026-04-17-terminal-scroll/nav_failed.png	100644	blob	931c1522235f9fc4bcae1751d155e88cd580262f
QA/runs/2026-04-17-terminal-scroll/terminal_after_drag1.png	100644	blob	004e320dbcf68b3ac965cf7c3966393f17c139f0
QA/runs/2026-04-17-terminal-scroll/terminal_after_drag2.png	100644	blob	ea7be166c6454156d26c3019aa5beee761a2ee9b
QA/runs/2026-04-17-terminal-scroll/terminal_before.png	100644	blob	c300928d5c1cbf1db63c7575075234f472d40828
QA/runs/2026-04-17-terminal-scroll/terminal_seeded.png	100644	blob	635c3e3cb7a8247960f2b274f7ab80f2942901d8
QA/runs/2026-04-18-paired-macs/pm-003-terminal-open.png	100644	blob	47379402c8bb7aed47873e99c0a13df7f131f595
QA/runs/2026-04-18-paired-macs/pm-013-background-foreground.png	100644	blob	52cdc28730d0b56f0b743496a5f9686558868989
QA/runs/2026-04-18-wpl/report.md	100644	blob	d7deaa1878c3a3b1a71a55cf4f35f0f6d9918068
QA/runs/2026-04-18-wpl/wpl-013-single-workspace-beep.png	100644	blob	ea2d20553e68337b51bb46c6796f1589d1f916e1
QA/runs/2026-04-18-wpl/wpl-cross-workspace-split.png	100644	blob	144d36e0e908a7c923fdbb0c7ea07b8542668a6c
QA/runs/2026-04-18-wpl/wpl-final-state.png	100644	blob	c518e520d6e910cc1174db992b28a1a2a9c457e3
QA/runs/2026-05-05-mcpa-021-104/runner.py	100644	blob	4be8e3c2fe31b48f1e5f584c1f2bbd1ee1c79845
Sources/SwiftTerm/Documentation.docc/SSHIntegration.md	100644	blob	41580471ae05280bee55f28aed10a9bf63fe3a7e
TerminalApp/Soyeht/Assets.xcassets/AppIcon.appiconset/App_store_1024_1x.png	100644	blob	8e4050ec3948465678cab14c9b79615913b95a48
TerminalApp/Soyeht/Assets.xcassets/AppIcon.appiconset/iPad_App_76_2x.png	100644	blob	b007672d961d7ce17092df0cfc8a39f30c070ce3
TerminalApp/Soyeht/Assets.xcassets/AppIcon.appiconset/iPad_Notifications_20_1x.png	100644	blob	26f1075def4eb4b25391e943602efe4ed19b484d
TerminalApp/Soyeht/Assets.xcassets/AppIcon.appiconset/iPad_Notifications_20_2x.png	100644	blob	ebacd1976f9e6874fcc2a55428eb8d897c71bbfc
TerminalApp/Soyeht/Assets.xcassets/AppIcon.appiconset/iPad_Pro_App_83.5_2x.png	100644	blob	b220e095d2879932e47fd55bef17f2d90bd63c5e
TerminalApp/Soyeht/Assets.xcassets/AppIcon.appiconset/iPad_Pro_Spotlight_40_2x.png	100644	blob	72db24fee5f6e920b8dac7ed34bc60c99e6f5875
TerminalApp/Soyeht/Assets.xcassets/AppIcon.appiconset/iPad_Settings_29_1x.png	100644	blob	623301899e2358148d19be251fbc52124f03ed8a
TerminalApp/Soyeht/Assets.xcassets/AppIcon.appiconset/iPad_Settings_29_2x.png	100644	blob	efb6f2752202f44bed5ba84cd2424dac3edf8ad5
TerminalApp/Soyeht/Assets.xcassets/AppIcon.appiconset/iPad_Spotlight_40_1x.png	100644	blob	ebacd1976f9e6874fcc2a55428eb8d897c71bbfc
TerminalApp/Soyeht/Assets.xcassets/AppIcon.appiconset/iPhone_App_60_2x.png	100644	blob	c250dfbf5a265b4d8681281e0ab1269434dd7c13
TerminalApp/Soyeht/Assets.xcassets/AppIcon.appiconset/iPhone_App_60_3x.png	100644	blob	976091492e95689fc1b3fdc0e4aa1e8ad06d3663
TerminalApp/Soyeht/Assets.xcassets/AppIcon.appiconset/iPhone_Notifications_20_2x.png	100644	blob	ebacd1976f9e6874fcc2a55428eb8d897c71bbfc
TerminalApp/Soyeht/Assets.xcassets/AppIcon.appiconset/iPhone_Notifications_20_3x.png	100644	blob	9aad54d7062f3a14c8ce558917fc25c04850d92c
TerminalApp/Soyeht/Assets.xcassets/AppIcon.appiconset/iPhone_Settings_29_2x.png	100644	blob	efb6f2752202f44bed5ba84cd2424dac3edf8ad5
TerminalApp/Soyeht/Assets.xcassets/AppIcon.appiconset/iPhone_Settings_29_3x.png	100644	blob	31df4d19706c43843beb5549e55cace26764c1e3
TerminalApp/Soyeht/Assets.xcassets/AppIcon.appiconset/iPhone_Spotlight_40_2x.png	100644	blob	72db24fee5f6e920b8dac7ed34bc60c99e6f5875
TerminalApp/Soyeht/Assets.xcassets/AppIcon.appiconset/iPhone_Spotlight_40_3x.png	100644	blob	c250dfbf5a265b4d8681281e0ab1269434dd7c13
TerminalApp/Soyeht/Assets.xcassets/OnboardingClaudeCode.imageset/claude-code.png	100644	blob	6cbd13e9d0d2519053e69e961053c09155df493c
TerminalApp/Soyeht/Assets.xcassets/OnboardingCodex.imageset/codex.png	100644	blob	5c8532ab525b15d74b2c5d6acc6d808e0f4abe71
TerminalApp/Soyeht/Assets.xcassets/OnboardingDroid.imageset/droid.png	100644	blob	e5fe960c1df1a5ba3f0f5da513ff36fe390cb57a
TerminalApp/Soyeht/Assets.xcassets/OnboardingHermes.imageset/hermes.png	100644	blob	ad14a50b4b6d637c490185f490bd6be731d7f92f
TerminalApp/Soyeht/Assets.xcassets/OnboardingNanobot.imageset/nanobot.png	100644	blob	8eb750aed127e1815928239c6ad844a35d964fa1
TerminalApp/Soyeht/Assets.xcassets/OnboardingOpenClaw.imageset/openclaw.png	100644	blob	af93ed9a8823a4c70cd5865b021c7ffb881742f2
TerminalApp/Soyeht/Assets.xcassets/OnboardingOpenCode.imageset/opencode.png	100644	blob	b19311d6ad503c74414534a6b818e636ff1fd7e8
TerminalApp/Soyeht/Assets.xcassets/OnboardingPi.imageset/pi.png	100644	blob	ccce3568bc3ae552c423fcb9d5cf993521ddb98b
TerminalApp/Soyeht/Assets.xcassets/OnboardingSoyehtLogo.imageset/soyeht.png	100644	blob	8e4050ec3948465678cab14c9b79615913b95a48
TerminalApp/SoyehtMac/Assets.xcassets/AppIcon.appiconset/128.png	100644	blob	a43e41971c68294c46b2a099050b8eac264f50dc
TerminalApp/SoyehtMac/Assets.xcassets/AppIcon.appiconset/128@2x.png	100644	blob	6b3e73b3d75975aadc8d1f7aab33593c7f2c5843
TerminalApp/SoyehtMac/Assets.xcassets/AppIcon.appiconset/16.png	100644	blob	75b39b4becc03fbace56e2432dd3130afea1b726
TerminalApp/SoyehtMac/Assets.xcassets/AppIcon.appiconset/16@2x.png	100644	blob	23712fd116572df909eaf8d5bd37ba2bc4322261
TerminalApp/SoyehtMac/Assets.xcassets/AppIcon.appiconset/256.png	100644	blob	6b3e73b3d75975aadc8d1f7aab33593c7f2c5843
TerminalApp/SoyehtMac/Assets.xcassets/AppIcon.appiconset/256@2x.png	100644	blob	80dd96672c79cab249c1a2624a8fb1a62d2752bb
TerminalApp/SoyehtMac/Assets.xcassets/AppIcon.appiconset/32.png	100644	blob	23712fd116572df909eaf8d5bd37ba2bc4322261
TerminalApp/SoyehtMac/Assets.xcassets/AppIcon.appiconset/32@2x.png	100644	blob	43bb965e4bedac93ebfdc3ad6199df7b4711d6ec
TerminalApp/SoyehtMac/Assets.xcassets/AppIcon.appiconset/512.png	100644	blob	80dd96672c79cab249c1a2624a8fb1a62d2752bb
TerminalApp/SoyehtMac/Assets.xcassets/AppIcon.appiconset/512@2x.png	100644	blob	c3dec3355bd343c68711b0d7593a325e0d034557
TerminalApp/SoyehtTests/__Snapshots__/ParkingLotSnapshotTests/ParkingLotSnapshots.ar-RTL.png	100644	blob	ae9ec4632598f2ff56efd2b2501efb4f24a77486
TerminalApp/SoyehtTests/__Snapshots__/ParkingLotSnapshotTests/ParkingLotSnapshots.en.png	100644	blob	be183d87e73875f1e814f5a084b1b03d68b98480
TerminalApp/SoyehtTests/__Snapshots__/ParkingLotSnapshotTests/ParkingLotSnapshots.ja.png	100644	blob	951ba1a2f470ff0841b50dcdbd06586ad48991a9
TerminalApp/SoyehtTests/__Snapshots__/ParkingLotSnapshotTests/ParkingLotSnapshots.pt-BR.png	100644	blob	682480c1c9ed0e78d29a95de091cfa478b1ac241
